-- Licensed to the Apache Software Foundation (ASF) under one
-- or more contributor license agreements.  See the NOTICE file
-- distributed with this work for additional information
-- regarding copyright ownership.  The ASF licenses this file
-- to you under the Apache License, Version 2.0 (the
-- "License"); you may not use this file except in compliance
-- with the License.  You may obtain a copy of the License at
--
--   http://www.apache.org/licenses/LICENSE-2.0
--
-- Unless required by applicable law or agreed to in writing,
-- software distributed under the License is distributed on an
-- "AS IS" BASIS, WITHOUT WARRANTIES OR CONDITIONS OF ANY
-- KIND, either express or implied.  See the License for the
-- specific language governing permissions and limitations
-- under the License.

--;
-- Schema upgrade from 4.9.2.0 to 4.10.0.0;
--;

ALTER TABLE `cloud`.`domain_router` ADD COLUMN  update_state varchar(64) DEFAULT NULL;

INSERT IGNORE INTO `cloud`.`guest_os` (id, uuid, category_id, display_name, created) VALUES (257, UUID(), 6, 'Windows 10 (32-bit)', now());
INSERT IGNORE INTO `cloud`.`guest_os` (id, uuid, category_id, display_name, created) VALUES (258, UUID(), 6, 'Windows 10 (64-bit)', now());
INSERT IGNORE INTO `cloud`.`guest_os` (id, uuid, category_id, display_name, created) VALUES (259, UUID(), 6, 'Windows Server 2016 (64-bit)', now());
INSERT IGNORE INTO `cloud`.`guest_os` (id, uuid, category_id, display_name, created) VALUES (260, UUID(), 1, 'CentOS 7.1', now());
INSERT IGNORE INTO `cloud`.`guest_os` (id, uuid, category_id, display_name, created) VALUES (261, UUID(), 1, 'CentOS 6.6 (32-bit)', now());
INSERT IGNORE INTO `cloud`.`guest_os` (id, uuid, category_id, display_name, created) VALUES (262, UUID(), 1, 'CentOS 6.6 (64-bit)', now());
INSERT IGNORE INTO `cloud`.`guest_os` (id, uuid, category_id, display_name, created) VALUES (263, UUID(), 1, 'CentOS 6.7 (32-bit)', now());
INSERT IGNORE INTO `cloud`.`guest_os` (id, uuid, category_id, display_name, created) VALUES (264, UUID(), 1, 'CentOS 6.7 (64-bit)', now());
INSERT IGNORE INTO `cloud`.`guest_os` (id, uuid, category_id, display_name, created) VALUES (265, UUID(), 4, 'Red Hat Enterprise Linux 6.6 (32-bit)', now());
INSERT IGNORE INTO `cloud`.`guest_os` (id, uuid, category_id, display_name, created) VALUES (266, UUID(), 4, 'Red Hat Enterprise Linux 6.6 (64-bit)', now());
INSERT IGNORE INTO `cloud`.`guest_os` (id, uuid, category_id, display_name, created) VALUES (267, UUID(), 4, 'Red Hat Enterprise Linux 6.7 (32-bit)', now());
INSERT IGNORE INTO `cloud`.`guest_os` (id, uuid, category_id, display_name, created) VALUES (268, UUID(), 4, 'Red Hat Enterprise Linux 6.7 (64-bit)', now());
INSERT IGNORE INTO `cloud`.`guest_os` (id, uuid, category_id, display_name, created) VALUES (269, UUID(), 2, 'Debian GNU/Linux 8 (32-bit)', now());
INSERT IGNORE INTO `cloud`.`guest_os` (id, uuid, category_id, display_name, created) VALUES (270, UUID(), 2, 'Debian GNU/Linux 8 (64-bit)', now());
INSERT IGNORE INTO `cloud`.`guest_os` (id, uuid, category_id, display_name, created) VALUES (271, UUID(), 7, 'CoreOS', now());
INSERT IGNORE INTO `cloud`.`guest_os` (id, uuid, category_id, display_name, created) VALUES (272, UUID(), 4, 'Red Hat Enterprise Linux 7.1', now());
INSERT IGNORE INTO `cloud`.`guest_os` (id, uuid, category_id, display_name, created) VALUES (273, UUID(), 4, 'Red Hat Enterprise Linux 7.2', now());
INSERT IGNORE INTO `cloud`.`guest_os` (id, uuid, category_id, display_name, created) VALUES (274, UUID(), 1, 'CentOS 7.2', now());

INSERT IGNORE INTO `cloud`.`guest_os_hypervisor` (uuid, hypervisor_type, hypervisor_version, guest_os_name, guest_os_id, created, is_user_defined) VALUES (UUID(), 'Xenserver', '6.5.0', 'Windows 10 (32-bit)', 257, now(), 0);
INSERT IGNORE INTO `cloud`.`guest_os_hypervisor` (uuid, hypervisor_type, hypervisor_version, guest_os_name, guest_os_id, created, is_user_defined) VALUES (UUID(), 'VMware', '6.0', 'windows9Guest', 257, now(), 0);
INSERT IGNORE INTO `cloud`.`guest_os_hypervisor` (uuid, hypervisor_type, hypervisor_version, guest_os_name, guest_os_id, created, is_user_defined) VALUES (UUID(), 'KVM', 'default', 'Windows 10', 257, now(), 0);

INSERT IGNORE INTO `cloud`.`guest_os_hypervisor` (uuid, hypervisor_type, hypervisor_version, guest_os_name, guest_os_id, created, is_user_defined) VALUES (UUID(), 'Xenserver', '6.5.0', 'Windows 10 (64-bit)', 258, now(), 0);
INSERT IGNORE INTO `cloud`.`guest_os_hypervisor` (uuid, hypervisor_type, hypervisor_version, guest_os_name, guest_os_id, created, is_user_defined) VALUES (UUID(), 'VMware', '6.0', 'windows9_64Guest', 258, now(), 0);
INSERT IGNORE INTO `cloud`.`guest_os_hypervisor` (uuid, hypervisor_type, hypervisor_version, guest_os_name, guest_os_id, created, is_user_defined) VALUES (UUID(), 'KVM', 'default', 'Windows 10', 258, now(), 0);

INSERT IGNORE INTO `cloud`.`guest_os_hypervisor` (uuid, hypervisor_type, hypervisor_version, guest_os_name, guest_os_id, created, is_user_defined) VALUES (UUID(), 'Xenserver', '6.5.0', 'Windows Server 2016 (64-bit)', 259, now(), 0);
INSERT IGNORE INTO `cloud`.`guest_os_hypervisor` (uuid, hypervisor_type, hypervisor_version, guest_os_name, guest_os_id, created, is_user_defined) VALUES (UUID(), 'Xenserver', '7.0.0', 'Windows Server 2016 (64-bit)', 259, now(), 0);
INSERT IGNORE INTO `cloud`.`guest_os_hypervisor` (uuid, hypervisor_type, hypervisor_version, guest_os_name, guest_os_id, created, is_user_defined) VALUES (UUID(), 'VMware', '6.0', 'windows9Server64Guest', 259, now(), 0);
INSERT IGNORE INTO `cloud`.`guest_os_hypervisor` (uuid, hypervisor_type, hypervisor_version, guest_os_name, guest_os_id, created, is_user_defined) VALUES (UUID(), 'KVM', 'default', 'Windows Server 2016', 259, now(), 0);

INSERT IGNORE INTO `cloud`.`guest_os_hypervisor` (uuid, hypervisor_type, hypervisor_version, guest_os_name, guest_os_id, created, is_user_defined) VALUES (UUID(),'Xenserver', '6.5.0', 'CentOS 7', 260, now(), 0);
INSERT IGNORE INTO `cloud`.`guest_os_hypervisor` (uuid, hypervisor_type, hypervisor_version, guest_os_name, guest_os_id, created, is_user_defined) VALUES (UUID(),'VMware', '5.5', 'centos64Guest', 260, now(), 0);
INSERT IGNORE INTO `cloud`.`guest_os_hypervisor` (uuid, hypervisor_type, hypervisor_version, guest_os_name, guest_os_id, created, is_user_defined) VALUES (UUID(),'VMware', '6.0', 'centos64Guest', 260, now(), 0);
INSERT IGNORE INTO `cloud`.`guest_os_hypervisor` (uuid, hypervisor_type, hypervisor_version, guest_os_name, guest_os_id, created, is_user_defined) VALUES (UUID(),'KVM', 'default', 'CentOS 7.1', 260, now(), 0);

INSERT IGNORE INTO `cloud`.`guest_os_hypervisor` (uuid, hypervisor_type, hypervisor_version, guest_os_name, guest_os_id, created, is_user_defined) VALUES (UUID(),'Xenserver', '6.5.0', 'CentOS 6 (32-bit)', 261, now(), 0);
INSERT IGNORE INTO `cloud`.`guest_os_hypervisor` (uuid, hypervisor_type, hypervisor_version, guest_os_name, guest_os_id, created, is_user_defined) VALUES (UUID(),'VMware', '6.0', 'centosGuest', 261, now(), 0);

INSERT IGNORE INTO `cloud`.`guest_os_hypervisor` (uuid, hypervisor_type, hypervisor_version, guest_os_name, guest_os_id, created, is_user_defined) VALUES (UUID(),'Xenserver', '6.5.0', 'CentOS 6 (64-bit)', 262, now(), 0);
INSERT IGNORE INTO `cloud`.`guest_os_hypervisor` (uuid, hypervisor_type, hypervisor_version, guest_os_name, guest_os_id, created, is_user_defined) VALUES (UUID(),'VMware', '6.0', 'centos64Guest', 262, now(), 0);

INSERT IGNORE INTO `cloud`.`guest_os_hypervisor` (uuid, hypervisor_type, hypervisor_version, guest_os_name, guest_os_id, created, is_user_defined) VALUES (UUID(),'Xenserver', '6.5.0', 'CentOS 6 (32-bit)', 263, now(), 0);
INSERT IGNORE INTO `cloud`.`guest_os_hypervisor` (uuid, hypervisor_type, hypervisor_version, guest_os_name, guest_os_id, created, is_user_defined) VALUES (UUID(),'VMware', '6.0', 'centosGuest', 263, now(), 0);

INSERT IGNORE INTO `cloud`.`guest_os_hypervisor` (uuid, hypervisor_type, hypervisor_version, guest_os_name, guest_os_id, created, is_user_defined) VALUES (UUID(),'Xenserver', '6.5.0', 'CentOS 6 (64-bit)', 264, now(), 0);
INSERT IGNORE INTO `cloud`.`guest_os_hypervisor` (uuid, hypervisor_type, hypervisor_version, guest_os_name, guest_os_id, created, is_user_defined) VALUES (UUID(),'VMware', '6.0', 'centos64Guest', 264, now(), 0);

INSERT IGNORE INTO `cloud`.`guest_os_hypervisor` (uuid, hypervisor_type, hypervisor_version, guest_os_name, guest_os_id, created, is_user_defined) VALUES (UUID(),'Xenserver', '6.5.0', 'Red Hat Enterprise Linux 6 (32-bit)', 265, now(), 0);
INSERT IGNORE INTO `cloud`.`guest_os_hypervisor` (uuid, hypervisor_type, hypervisor_version, guest_os_name, guest_os_id, created, is_user_defined) VALUES (UUID(),'VMware', '6.0', 'rhel6Guest', 265, now(), 0);

INSERT IGNORE INTO `cloud`.`guest_os_hypervisor` (uuid, hypervisor_type, hypervisor_version, guest_os_name, guest_os_id, created, is_user_defined) VALUES (UUID(),'Xenserver', '6.5.0', 'Red Hat Enterprise Linux 6 (64-bit)', 266, now(), 0);
INSERT IGNORE INTO `cloud`.`guest_os_hypervisor` (uuid, hypervisor_type, hypervisor_version, guest_os_name, guest_os_id, created, is_user_defined) VALUES (UUID(),'VMware', '6.0', 'rhel6_64Guest', 266, now(), 0);

INSERT IGNORE INTO `cloud`.`guest_os_hypervisor` (uuid, hypervisor_type, hypervisor_version, guest_os_name, guest_os_id, created, is_user_defined) VALUES (UUID(),'Xenserver', '6.5.0', 'Red Hat Enterprise Linux 6 (32-bit)', 267, now(), 0);
INSERT IGNORE INTO `cloud`.`guest_os_hypervisor` (uuid, hypervisor_type, hypervisor_version, guest_os_name, guest_os_id, created, is_user_defined) VALUES (UUID(),'VMware', '6.0', 'rhel6Guest', 267, now(), 0);

INSERT IGNORE INTO `cloud`.`guest_os_hypervisor` (uuid, hypervisor_type, hypervisor_version, guest_os_name, guest_os_id, created, is_user_defined) VALUES (UUID(),'Xenserver', '6.5.0', 'Red Hat Enterprise Linux 6 (64-bit)', 268, now(), 0);
INSERT IGNORE INTO `cloud`.`guest_os_hypervisor` (uuid, hypervisor_type, hypervisor_version, guest_os_name, guest_os_id, created, is_user_defined) VALUES (UUID(),'VMware', '6.0', 'rhel6_64Guest', 268, now(), 0);

INSERT IGNORE INTO `cloud`.`guest_os_hypervisor` (uuid, hypervisor_type, hypervisor_version, guest_os_name, guest_os_id, created, is_user_defined) VALUES (UUID(),'VMware', '6.0', 'debian8Guest', 269, now(), 0);

INSERT IGNORE INTO `cloud`.`guest_os_hypervisor` (uuid, hypervisor_type, hypervisor_version, guest_os_name, guest_os_id, created, is_user_defined) VALUES (UUID(),'VMware', '6.0', 'debian8Guest', 270, now(), 0);

INSERT IGNORE INTO `cloud`.`guest_os_hypervisor` (uuid, hypervisor_type, hypervisor_version, guest_os_name, guest_os_id, created, is_user_defined) VALUES (UUID(),'Xenserver', 'default', 'CoreOS', 271, now(), 0);
INSERT IGNORE INTO `cloud`.`guest_os_hypervisor` (uuid, hypervisor_type, hypervisor_version, guest_os_name, guest_os_id, created, is_user_defined) VALUES (UUID(),'VMware', 'default', 'coreos64Guest', 271, now(), 0);
INSERT IGNORE INTO `cloud`.`guest_os_hypervisor` (uuid, hypervisor_type, hypervisor_version, guest_os_name, guest_os_id, created, is_user_defined) VALUES (UUID(),'VMware', '5.5', 'coreos64Guest', 271, now(), 0);
INSERT IGNORE INTO `cloud`.`guest_os_hypervisor` (uuid, hypervisor_type, hypervisor_version, guest_os_name, guest_os_id, created, is_user_defined) VALUES (UUID(),'VMware', '6.0', 'coreos64Guest', 271, now(), 0);
INSERT IGNORE INTO `cloud`.`guest_os_hypervisor` (uuid, hypervisor_type, hypervisor_version, guest_os_name, guest_os_id, created, is_user_defined) VALUES (UUID(),'KVM', 'default', 'CoreOS', 271, now(), 0);

INSERT IGNORE INTO `cloud`.`guest_os_hypervisor` (uuid, hypervisor_type, hypervisor_version, guest_os_name, guest_os_id, created, is_user_defined) VALUES (UUID(),'Xenserver', '6.5.0', 'Red Hat Enterprise Linux 7', 272, now(), 0);
INSERT IGNORE INTO `cloud`.`guest_os_hypervisor` (uuid, hypervisor_type, hypervisor_version, guest_os_name, guest_os_id, created, is_user_defined) VALUES (UUID(),'VMware', '5.5', 'rhel7_64Guest', 272, now(), 0);
INSERT IGNORE INTO `cloud`.`guest_os_hypervisor` (uuid, hypervisor_type, hypervisor_version, guest_os_name, guest_os_id, created, is_user_defined) VALUES (UUID(),'VMware', '6.0', 'rhel7_64Guest', 272, now(), 0);
INSERT IGNORE INTO `cloud`.`guest_os_hypervisor` (uuid, hypervisor_type, hypervisor_version, guest_os_name, guest_os_id, created, is_user_defined) VALUES (UUID(),'KVM', 'default', 'Red Hat Enterprise Linux 7.1', 272, now(), 0);

INSERT IGNORE INTO `cloud`.`guest_os_hypervisor` (uuid, hypervisor_type, hypervisor_version, guest_os_name, guest_os_id, created, is_user_defined) VALUES (UUID(), 'Xenserver', '6.5.0', 'Red Hat Enterprise Linux 7', 273, now(), 0);
INSERT IGNORE INTO `cloud`.`guest_os_hypervisor` (uuid, hypervisor_type, hypervisor_version, guest_os_name, guest_os_id, created, is_user_defined) VALUES (UUID(), 'Xenserver', '7.0.0', 'Red Hat Enterprise Linux 7', 273, now(), 0);
INSERT IGNORE INTO `cloud`.`guest_os_hypervisor` (uuid, hypervisor_type, hypervisor_version, guest_os_name, guest_os_id, created, is_user_defined) VALUES (UUID(), 'VMware', '5.5', 'rhel7_64Guest', 273, now(), 0);
INSERT IGNORE INTO `cloud`.`guest_os_hypervisor` (uuid, hypervisor_type, hypervisor_version, guest_os_name, guest_os_id, created, is_user_defined) VALUES (UUID(), 'VMware', '6.0', 'rhel7_64Guest', 273, now(), 0);
INSERT IGNORE INTO `cloud`.`guest_os_hypervisor` (uuid, hypervisor_type, hypervisor_version, guest_os_name, guest_os_id, created, is_user_defined) VALUES (UUID(), 'KVM', 'default', 'Red Hat Enterprise Linux 7.2', 273, now(), 0);

INSERT IGNORE INTO `cloud`.`guest_os_hypervisor` (uuid, hypervisor_type, hypervisor_version, guest_os_name, guest_os_id, created, is_user_defined) VALUES (UUID(), 'Xenserver', '6.5.0', 'CentOS 7', 274, now(), 0);
INSERT IGNORE INTO `cloud`.`guest_os_hypervisor` (uuid, hypervisor_type, hypervisor_version, guest_os_name, guest_os_id, created, is_user_defined) VALUES (UUID(), 'Xenserver', '7.0.0', 'CentOS 7', 274, now(), 0);
INSERT IGNORE INTO `cloud`.`guest_os_hypervisor` (uuid, hypervisor_type, hypervisor_version, guest_os_name, guest_os_id, created, is_user_defined) VALUES (UUID(), 'VMware', '5.5', 'centos64Guest', 274, now(), 0);
INSERT IGNORE INTO `cloud`.`guest_os_hypervisor` (uuid, hypervisor_type, hypervisor_version, guest_os_name, guest_os_id, created, is_user_defined) VALUES (UUID(), 'VMware', '6.0', 'centos64Guest', 274, now(), 0);
INSERT IGNORE INTO `cloud`.`guest_os_hypervisor` (uuid, hypervisor_type, hypervisor_version, guest_os_name, guest_os_id, created, is_user_defined) VALUES (UUID(), 'KVM', 'default', 'CentOS 7.2', 274, now(), 0);

CREATE TABLE `cloud`.`vlan_details` (
  `id` bigint unsigned NOT NULL auto_increment,
  `vlan_id` bigint unsigned NOT NULL COMMENT 'vlan id',
  `name` varchar(255) NOT NULL,
  `value` varchar(1024) NOT NULL,
  `display` tinyint(1) NOT NULL DEFAULT 1 COMMENT 'Should detail be displayed to the end user',
  PRIMARY KEY (`id`),
  CONSTRAINT `fk_vlan_details__vlan_id` FOREIGN KEY `fk_vlan_details__vlan_id`(`vlan_id`) REFERENCES `vlan`(`id`) ON DELETE CASCADE
) ENGINE=InnoDB DEFAULT CHARSET=utf8;

ALTER TABLE `cloud`.`network_offerings` ADD COLUMN supports_public_access boolean default false;

ALTER TABLE `cloud`.`image_store_details` CHANGE COLUMN `value` `value` VARCHAR(255) NULL DEFAULT NULL COMMENT 'value of the detail', ADD COLUMN `display` tinyint(1) NOT
NULL DEFAULT '1' COMMENT 'True if the detail can be displayed to the end user' AFTER `value`;

ALTER TABLE `snapshots` ADD COLUMN `location_type` VARCHAR(32) COMMENT 'Location of snapshot (ex. Primary)';

-- Database change for CLOUDSTACK-8746 (VM Snapshotting implementation for KVM)
UPDATE `cloud`.`hypervisor_capabilities` SET `vm_snapshot_enabled` = 1 WHERE `hypervisor_type` ='KVM' AND `hypervisor_version` = 'default';

-- [VM-SNAPSHOT] add role permissions for new API command createSnapshotFromVMSnapshot
INSERT INTO `cloud`.`role_permissions` (`uuid`, `role_id`, `rule`, `permission`, `sort_order`) values (UUID(), 2, 'createSnapshotFromVMSnapshot', 'ALLOW', 318) ON DUPLICATE KEY UPDATE rule=rule;
INSERT INTO `cloud`.`role_permissions` (`uuid`, `role_id`, `rule`, `permission`, `sort_order`) values (UUID(), 3, 'createSnapshotFromVMSnapshot', 'ALLOW', 302) ON DUPLICATE KEY UPDATE rule=rule;
INSERT INTO `cloud`.`role_permissions` (`uuid`, `role_id`, `rule`, `permission`, `sort_order`) values (UUID(), 4, 'createSnapshotFromVMSnapshot', 'ALLOW', 260) ON DUPLICATE KEY UPDATE rule=rule;



ALTER TABLE `cloud`.`vm_template` ADD COLUMN `parent_template_id` bigint(20) unsigned DEFAULT NULL COMMENT 'If datadisk template, then id of the root template this template belongs to';

DROP VIEW IF EXISTS `cloud`.`template_view`;
CREATE VIEW `template_view` AS
    SELECT
        `vm_template`.`id` AS `id`,
        `vm_template`.`uuid` AS `uuid`,
        `vm_template`.`unique_name` AS `unique_name`,
        `vm_template`.`name` AS `name`,
        `vm_template`.`public` AS `public`,
        `vm_template`.`featured` AS `featured`,
        `vm_template`.`type` AS `type`,
        `vm_template`.`hvm` AS `hvm`,
        `vm_template`.`bits` AS `bits`,
        `vm_template`.`url` AS `url`,
        `vm_template`.`format` AS `format`,
        `vm_template`.`created` AS `created`,
        `vm_template`.`checksum` AS `checksum`,
        `vm_template`.`display_text` AS `display_text`,
        `vm_template`.`enable_password` AS `enable_password`,
        `vm_template`.`dynamically_scalable` AS `dynamically_scalable`,
        `vm_template`.`state` AS `template_state`,
        `vm_template`.`guest_os_id` AS `guest_os_id`,
        `guest_os`.`uuid` AS `guest_os_uuid`,
        `guest_os`.`display_name` AS `guest_os_name`,
        `vm_template`.`bootable` AS `bootable`,
        `vm_template`.`prepopulate` AS `prepopulate`,
        `vm_template`.`cross_zones` AS `cross_zones`,
        `vm_template`.`hypervisor_type` AS `hypervisor_type`,
        `vm_template`.`extractable` AS `extractable`,
        `vm_template`.`template_tag` AS `template_tag`,
        `vm_template`.`sort_key` AS `sort_key`,
        `vm_template`.`removed` AS `removed`,
        `vm_template`.`enable_sshkey` AS `enable_sshkey`,
        `source_template`.`id` AS `source_template_id`,
        `source_template`.`uuid` AS `source_template_uuid`,
        `account`.`id` AS `account_id`,
        `account`.`uuid` AS `account_uuid`,
        `account`.`account_name` AS `account_name`,
        `account`.`type` AS `account_type`,
        `domain`.`id` AS `domain_id`,
        `domain`.`uuid` AS `domain_uuid`,
        `domain`.`name` AS `domain_name`,
        `domain`.`path` AS `domain_path`,
        `projects`.`id` AS `project_id`,
        `projects`.`uuid` AS `project_uuid`,
        `projects`.`name` AS `project_name`,
        `data_center`.`id` AS `data_center_id`,
        `data_center`.`uuid` AS `data_center_uuid`,
        `data_center`.`name` AS `data_center_name`,
        `launch_permission`.`account_id` AS `lp_account_id`,
        `parent_template`.`id` AS `parent_template_id`,
        `parent_template`.`uuid` AS `parent_template_uuid`,
        `template_store_ref`.`store_id` AS `store_id`,
        `image_store`.`scope` AS `store_scope`,
        `template_store_ref`.`state` AS `state`,
        `template_store_ref`.`download_state` AS `download_state`,
        `template_store_ref`.`download_pct` AS `download_pct`,
        `template_store_ref`.`error_str` AS `error_str`,
        `template_store_ref`.`size` AS `size`,
        `template_store_ref`.`destroyed` AS `destroyed`,
        `template_store_ref`.`created` AS `created_on_store`,
        `vm_template_details`.`name` AS `detail_name`,
        `vm_template_details`.`value` AS `detail_value`,
        `resource_tags`.`id` AS `tag_id`,
        `resource_tags`.`uuid` AS `tag_uuid`,
        `resource_tags`.`key` AS `tag_key`,
        `resource_tags`.`value` AS `tag_value`,
        `resource_tags`.`domain_id` AS `tag_domain_id`,
        `domain`.`uuid` AS `tag_domain_uuid`,
        `domain`.`name` AS `tag_domain_name`,
        `resource_tags`.`account_id` AS `tag_account_id`,
        `account`.`account_name` AS `tag_account_name`,
        `resource_tags`.`resource_id` AS `tag_resource_id`,
        `resource_tags`.`resource_uuid` AS `tag_resource_uuid`,
        `resource_tags`.`resource_type` AS `tag_resource_type`,
        `resource_tags`.`customer` AS `tag_customer`,
        CONCAT(`vm_template`.`id`, '_', IFNULL(`data_center`.`id`, 0)) AS `temp_zone_pair`
    FROM
        (((((((((((((`vm_template`
        JOIN `guest_os` ON ((`guest_os`.`id` = `vm_template`.`guest_os_id`)))
        JOIN `account` ON ((`account`.`id` = `vm_template`.`account_id`)))
        JOIN `domain` ON ((`domain`.`id` = `account`.`domain_id`)))
        LEFT JOIN `projects` ON ((`projects`.`project_account_id` = `account`.`id`)))
        LEFT JOIN `vm_template_details` ON ((`vm_template_details`.`template_id` = `vm_template`.`id`)))
        LEFT JOIN `vm_template` `source_template` ON ((`source_template`.`id` = `vm_template`.`source_template_id`)))
        LEFT JOIN `template_store_ref` ON (((`template_store_ref`.`template_id` = `vm_template`.`id`)
            AND (`template_store_ref`.`store_role` = 'Image')
            AND (`template_store_ref`.`destroyed` = 0))))
        LEFT JOIN `image_store` ON ((ISNULL(`image_store`.`removed`)
            AND (`template_store_ref`.`store_id` IS NOT NULL)
            AND (`image_store`.`id` = `template_store_ref`.`store_id`))))
        LEFT JOIN `template_zone_ref` ON (((`template_zone_ref`.`template_id` = `vm_template`.`id`)
            AND ISNULL(`template_store_ref`.`store_id`)
            AND ISNULL(`template_zone_ref`.`removed`))))
        LEFT JOIN `data_center` ON (((`image_store`.`data_center_id` = `data_center`.`id`)
            OR (`template_zone_ref`.`zone_id` = `data_center`.`id`))))
        LEFT JOIN `launch_permission` ON ((`launch_permission`.`template_id` = `vm_template`.`id`)))

        LEFT JOIN `vm_template` `parent_template` ON ((`parent_template`.`id` = `vm_template`.`parent_template_id`)))
        LEFT JOIN `resource_tags` ON (((`resource_tags`.`resource_id` = `vm_template`.`id`)
            AND ((`resource_tags`.`resource_type` = 'Template')
            OR (`resource_tags`.`resource_type` = 'ISO')))));
